{"0": [-0.012306346204956534, -0.38426886644010866, 0.04675459472520381], "1": [0.08062178120150566, -0.3184876661552527, -0.20509932935745379], "2": [-0.11323755761857007, -0.16673043592783504, -0.3307237779173057], "3": [-0.3259773454524204, -0.13872050989360418, -0.15651003286259968], "4": [-0.352071519664868, 0.12970859974180032, -0.09602772617266281], "5": [-0.15545881840267117, 0.26759698703212115, -0.2328613499749927], "6": [-0.007851312190256978, 0.08438758739604435, -0.3779114869785859], "7": [0.25114030825125466, 0.08782983077047306, -0.28145064646984697], "8": [0.30581968705720747, -0.16116076915046026, -0.17464685939078298], "9": [0.3520715196648685, -0.12970859974180077, 0.09602772617266216], "10": [0.15545881840267103, -0.2675969870321217, 0.2328613499749928], "11": [0.007851312190256053, -0.0843875873960446, 0.3779114869785868], "12": [0.11323755761856999, 0.16673043592783454, 0.3307237779173058], "13": [0.325977345452421, 0.1387205098936037, 0.15651003286259926], "14": [0.26359842627310615, 0.27316665380949584, -0.07678443144847007], "15": [0.012306346204956489, 0.3842688664401082, -0.04675459472520388], "16": [-0.08062178120150558, 0.31848766615525187, 0.2050993293574538], "17": [-0.3058196870572074, 0.1611607691504599, 0.17464685939078306], "18": [-0.2511403082512554, -0.08782983077047322, 0.28145064646984763], "19": [-0.2635984262731062, -0.27316665380949645, 0.07678443144846997]}